id_case,id_technology,id_watersource,DOI
1,MBR_RO_A,APTW,https://doi.org/10.1016/j.scitotenv.2019.136312
2,MBR_RO_B,RMW,https://doi.org/10.1016/j.scitotenv.2019.136312
3,MBR_RO_C,RMW,https://doi.org/10.1016/j.scitotenv.2019.136312
4,MBR_RO_D,APTW,https://doi.org/10.1016/j.scitotenv.2019.136312
5,MBR_RO_E,RMW,https://doi.org/10.1016/j.scitotenv.2019.136312
6,MF_RO_A,TTW,https://doi.org/10.1016/j.scitotenv.2019.136312
7,CAS_UF_RO_A,RMW,https://doi.org/10.1016/j.scitotenv.2019.136312
8,MBR_NF_A,RMW,https://doi.org/10.1016/j.scitotenv.2019.136312
9,MBR_RO_F,RMW,https://doi.org/10.1016/j.scitotenv.2019.136312
10,MBR_RO_A,APTW,https://doi.org/10.1016/j.scitotenv.2019.136312
11,MBR_RO_B,RMW,https://doi.org/10.1016/j.scitotenv.2019.136312
12,MBR_RO_D,APTW,https://doi.org/10.1016/j.scitotenv.2019.136312
13,MF_RO_A,TTW,https://doi.org/10.1016/j.scitotenv.2019.136312
14,MBR_RO_E,RMW,https://doi.org/10.1016/j.scitotenv.2019.136312
15,MBR_NF_A,RMW,https://doi.org/10.1016/j.scitotenv.2019.136312
16,MBR_NF_B,RMW,https://doi.org/10.1016/j.scitotenv.2019.136312
17,MBR_NF_C,RMW,https://doi.org/10.1016/j.scitotenv.2019.136312
18,MBR_UF_A,PTW,https://doi.org/10.1016/j.watres.2008.11.043
19,MBR_UF_A,PTW,https://doi.org/10.1016/j.watres.2008.11.043
20,MBR_UF_A,PTW,https://doi.org/10.1016/j.watres.2008.11.043
21,MBR_UF_A,PTW,https://doi.org/10.1016/j.watres.2008.11.043
22,MBR_UF_A,PTW,https://doi.org/10.1016/j.watres.2008.11.043
23,MBR_MF_A,PTW,https://doi.org/10.1016/j.watres.2008.11.043
24,MBR_MF_A,PTW,https://doi.org/10.1016/j.watres.2008.11.043
25,MBR_MF_A,PTW,https://doi.org/10.1016/j.watres.2008.11.043
26,MBR_MF_A,PTW,https://doi.org/10.1016/j.watres.2008.11.043
27,MBR_MF_A,PTW,https://doi.org/10.1016/j.watres.2008.11.043
28,CAS_A,PTW,https://doi.org/10.1016/j.watres.2008.11.043
29,CAS_A,PTW,https://doi.org/10.1016/j.watres.2008.11.043
30,CAS_A,PTW,https://doi.org/10.1016/j.watres.2008.11.043
31,CAS_A,PTW,https://doi.org/10.1016/j.watres.2008.11.043
32,CAS_A,PTW,https://doi.org/10.1016/j.watres.2008.11.043
33,CAS_B,PTW,https://doi.org/10.1016/j.watres.2007.04.005
34,CAS_B,PTW,https://doi.org/10.1016/j.watres.2007.04.005
35,CAS_B,PTW,https://doi.org/10.1016/j.watres.2007.04.005
36,MF_RO_B,STW,https://doi.org/10.1016/j.watres.2007.04.005
37,MF_RO_B,STW,https://doi.org/10.1016/j.watres.2007.04.005
38,MF_RO_B,STW,https://doi.org/10.1016/j.watres.2007.04.005
39,UF_A,STW,https://doi.org/10.1016/j.watres.2009.07.010
40,O3_A,STW,https://doi.org/10.1016/j.watres.2009.07.010
41,SF_A,STW,https://doi.org/10.1016/j.watres.2009.07.010
42,MF_RO_C,STW,https://doi.org/10.1016/j.watres.2009.07.010
43,UF_A,STW,https://doi.org/10.1016/j.watres.2009.07.010
44,O3_A,STW,https://doi.org/10.1016/j.watres.2009.07.010
45,SF_A,STW,https://doi.org/10.1016/j.watres.2009.07.010
46,MF_RO_C,STW,https://doi.org/10.1016/j.watres.2009.07.010
47,UF_A,STW,https://doi.org/10.1016/j.watres.2009.07.010
48,O3_A,STW,https://doi.org/10.1016/j.watres.2009.07.010
49,SF_A,STW,https://doi.org/10.1016/j.watres.2009.07.010
50,MF_RO_C,STW,https://doi.org/10.1016/j.watres.2009.07.010
51,SF_B,STW,https://doi.org/10.1016/j.watres.2010.12.031
52,O3_H2O2_A,STW,https://doi.org/10.1016/j.watres.2010.12.031
53,SF_B,STW,https://doi.org/10.1016/j.watres.2010.12.031
54,O3_H2O2_A,STW,https://doi.org/10.1016/j.watres.2010.12.031
55,SF_B,STW,https://doi.org/10.1016/j.watres.2010.12.031
56,O3_H2O2_A,STW,https://doi.org/10.1016/j.watres.2010.12.031
57,SF_B,STW,https://doi.org/10.1016/j.watres.2010.12.031
58,O3_H2O2_A,STW,https://doi.org/10.1016/j.watres.2010.12.031
59,UV_A,STW,https://doi.org/10.1016/j.watres.2012.01.014
60,UV_A,STW,https://doi.org/10.1016/j.watres.2012.01.014
61,UV_A,STW,https://doi.org/10.1016/j.watres.2012.01.014
62,UV_A,STW,https://doi.org/10.1016/j.watres.2012.01.014
63,UV_A,STW,https://doi.org/10.1016/j.watres.2012.01.014
64,UV_A,STW,https://doi.org/10.1016/j.watres.2012.01.014
65,UV_A,STW,https://doi.org/10.1016/j.watres.2012.01.014
66,UV_H2O2_A,STW,https://doi.org/10.1016/j.watres.2012.01.014
67,UV_H2O2_A,STW,https://doi.org/10.1016/j.watres.2012.01.014
68,UV_H2O2_A,STW,https://doi.org/10.1016/j.watres.2012.01.014
69,UV_H2O2_A,STW,https://doi.org/10.1016/j.watres.2012.01.014
70,UV_H2O2_A,STW,https://doi.org/10.1016/j.watres.2012.01.014
71,UV_H2O2_A,STW,https://doi.org/10.1016/j.watres.2012.01.014
72,UV_H2O2_A,STW,https://doi.org/10.1016/j.watres.2012.01.014
73,UV_H2O2_A,STW,https://doi.org/10.1016/j.watres.2012.01.014
74,UV_H2O2_A,STW,https://doi.org/10.1016/j.watres.2012.01.014
75,UV_H2O2_A,STW,https://doi.org/10.1016/j.watres.2012.01.014
76,UV_H2O2_A,STW,https://doi.org/10.1016/j.watres.2012.01.014
77,UV_H2O2_A,STW,https://doi.org/10.1016/j.watres.2012.01.014
78,UV_H2O2_A,STW,https://doi.org/10.1016/j.watres.2012.01.014
79,UV_H2O2_A,STW,https://doi.org/10.1016/j.watres.2012.01.014
80,UV_H2O2_B,STW,https://doi.org/10.1016/j.watres.2013.07.005
81,UV_H2O2_B,STW,https://doi.org/10.1016/j.watres.2013.07.005
82,UV_H2O2_B,STW,https://doi.org/10.1016/j.watres.2013.07.005
83,UV_H2O2_B,STW,https://doi.org/10.1016/j.watres.2013.07.005
84,UV_H2O2_B,STW,https://doi.org/10.1016/j.watres.2013.07.005
85,UV_H2O2_B,STW,https://doi.org/10.1016/j.watres.2013.07.005
86,UV_H2O2_B,STW,https://doi.org/10.1016/j.watres.2013.07.005
87,UV_H2O2_B,STW,https://doi.org/10.1016/j.watres.2013.07.005
88,UV_H2O2_B,STW,https://doi.org/10.1016/j.watres.2013.07.005
89,UV_H2O2_B,STW,https://doi.org/10.1016/j.watres.2013.07.005
90,UV_H2O2_B,STW,https://doi.org/10.1016/j.watres.2013.07.005
91,UV_H2O2_B,STW,https://doi.org/10.1016/j.watres.2013.07.005
92,UV_H2O2_B,STW,https://doi.org/10.1016/j.watres.2013.07.005
93,UV_H2O2_B,STW,https://doi.org/10.1016/j.watres.2013.07.005
94,UV_H2O2_B,STW,https://doi.org/10.1016/j.watres.2013.07.005
95,UV_H2O2_B,STW,https://doi.org/10.1016/j.watres.2013.07.005
96,UV_H2O2_B,STW,https://doi.org/10.1016/j.watres.2013.07.005
97,UV_H2O2_B,STW,https://doi.org/10.1016/j.watres.2013.07.005
98,UV_H2O2_B,STW,https://doi.org/10.1016/j.watres.2013.07.005
99,UV_H2O2_B,STW,https://doi.org/10.1016/j.watres.2013.07.005
100,UV_H2O2_B,STW,https://doi.org/10.1016/j.watres.2013.07.005
101,UV_H2O2_B,STW,https://doi.org/10.1016/j.watres.2013.07.005
102,UV_H2O2_B,STW,https://doi.org/10.1016/j.watres.2013.07.005
103,UV_H2O2_B,STW,https://doi.org/10.1016/j.watres.2013.07.005
104,UV_H2O2_B,STW,https://doi.org/10.1016/j.watres.2013.07.005
105,UV_H2O2_B,STW,https://doi.org/10.1016/j.watres.2013.07.005
106,UV_H2O2_B,STW,https://doi.org/10.1016/j.watres.2013.07.005
107,UV_H2O2_B,STW,https://doi.org/10.1016/j.watres.2013.07.005
108,UV_H2O2_B,STW,https://doi.org/10.1016/j.watres.2013.07.005
109,UV_H2O2_B,STW,https://doi.org/10.1016/j.watres.2013.07.005
110,UV_H2O2_B,STW,https://doi.org/10.1016/j.watres.2013.07.005
111,UV_H2O2_B,STW,https://doi.org/10.1016/j.watres.2013.07.005
112,UV_H2O2_B,STW,https://doi.org/10.1016/j.watres.2013.07.005
113,UV_H2O2_B,STW,https://doi.org/10.1016/j.watres.2013.07.005
114,UV_H2O2_B,STW,https://doi.org/10.1016/j.watres.2013.07.005
115,UV_H2O2_B,STW,https://doi.org/10.1016/j.watres.2013.07.005
116,UV_H2O2_B,STW,https://doi.org/10.1016/j.watres.2013.07.005
117,UV_H2O2_B,STW,https://doi.org/10.1016/j.watres.2013.07.005
118,UV_H2O2_B,STW,https://doi.org/10.1016/j.watres.2013.07.005
119,UV_H2O2_B,STW,https://doi.org/10.1016/j.watres.2013.07.005
120,UV_H2O2_B,STW,https://doi.org/10.1016/j.watres.2013.07.005
121,UV_H2O2_B,STW,https://doi.org/10.1016/j.watres.2013.07.005
122,UV_H2O2_B,STW,https://doi.org/10.1016/j.watres.2013.07.005
123,UV_H2O2_B,STW,https://doi.org/10.1016/j.watres.2013.07.005
124,UV_H2O2_B,STW,https://doi.org/10.1016/j.watres.2013.07.005
125,UV_H2O2_B,STW,https://doi.org/10.1016/j.watres.2013.07.005
126,UV_H2O2_B,STW,https://doi.org/10.1016/j.watres.2013.07.005
127,UV_H2O2_B,STW,https://doi.org/10.1016/j.watres.2013.07.005
128,PhFe_A,STW,https://doi.org/10.1016/j.watres.2013.07.005
129,PhFe_A,STW,https://doi.org/10.1016/j.watres.2013.07.005
130,PhFe_A,STW,https://doi.org/10.1016/j.watres.2013.07.005
131,PhFe_A,STW,https://doi.org/10.1016/j.watres.2013.07.005
132,PhFe_A,STW,https://doi.org/10.1016/j.watres.2013.07.005
133,PhFe_A,STW,https://doi.org/10.1016/j.watres.2013.07.005
134,PhFe_A,STW,https://doi.org/10.1016/j.watres.2013.07.005
135,PhFe_A,STW,https://doi.org/10.1016/j.watres.2013.07.005
136,PhFe_A,STW,https://doi.org/10.1016/j.watres.2013.07.005
137,PhFe_A,STW,https://doi.org/10.1016/j.watres.2013.07.005
138,PhFe_A,STW,https://doi.org/10.1016/j.watres.2013.07.005
139,PhFe_A,STW,https://doi.org/10.1016/j.watres.2013.07.005
140,PhFe_A,STW,https://doi.org/10.1016/j.watres.2013.07.005
141,PhFe_A,STW,https://doi.org/10.1016/j.watres.2013.07.005
142,PhFe_A,STW,https://doi.org/10.1016/j.watres.2013.07.005
143,PhFe_A,STW,https://doi.org/10.1016/j.watres.2013.07.005
144,PhFe_A,STW,https://doi.org/10.1016/j.watres.2013.07.005
145,PhFe_A,STW,https://doi.org/10.1016/j.watres.2013.07.005
146,PhFe_A,STW,https://doi.org/10.1016/j.watres.2013.07.005
147,PhFe_A,STW,https://doi.org/10.1016/j.watres.2013.07.005
148,PhFe_A,STW,https://doi.org/10.1016/j.watres.2013.07.005
149,PhFe_A,STW,https://doi.org/10.1016/j.watres.2013.07.005
150,PhFe_A,STW,https://doi.org/10.1016/j.watres.2013.07.005
151,PhFe_A,STW,https://doi.org/10.1016/j.watres.2013.07.005
152,PhFe_A,STW,https://doi.org/10.1016/j.watres.2013.07.005
153,PhFe_A,STW,https://doi.org/10.1016/j.watres.2013.07.005
154,PhFe_A,STW,https://doi.org/10.1016/j.watres.2013.07.005
155,PhFe_A,STW,https://doi.org/10.1016/j.watres.2013.07.005
156,PhFe_A,STW,https://doi.org/10.1016/j.watres.2013.07.005
157,PhFe_A,STW,https://doi.org/10.1016/j.watres.2013.07.005
158,PhFe_A,STW,https://doi.org/10.1016/j.watres.2013.07.005
159,PhFe_A,STW,https://doi.org/10.1016/j.watres.2013.07.005
160,PhFe_A,STW,https://doi.org/10.1016/j.watres.2013.07.005
161,PhFe_A,STW,https://doi.org/10.1016/j.watres.2013.07.005
162,PhFe_A,STW,https://doi.org/10.1016/j.watres.2013.07.005
163,PhFe_A,STW,https://doi.org/10.1016/j.watres.2013.07.005
164,UV_B,STW,https://doi.org/10.1016/j.watres.2013.07.005
165,UV_B,STW,https://doi.org/10.1016/j.watres.2013.07.005
166,UV_B,STW,https://doi.org/10.1016/j.watres.2013.07.005
167,UV_B,STW,https://doi.org/10.1016/j.watres.2013.07.005
168,UV_B,STW,https://doi.org/10.1016/j.watres.2013.07.005
169,UV_B,STW,https://doi.org/10.1016/j.watres.2013.07.005
170,O3_B,STW,https://doi.org/10.1021/es9014629
171,O3_B,STW,https://doi.org/10.1021/es9014629
172,O3_B,STW,https://doi.org/10.1021/es9014629
173,O3_B,STW,https://doi.org/10.1021/es9014629
174,O3_B,STW,https://doi.org/10.1021/es9014629
175,O3_B,STW,https://doi.org/10.1021/es9014629
176,O3_B,STW,https://doi.org/10.1021/es9014629
177,O3_B,STW,https://doi.org/10.1021/es9014629
178,O3_B,STW,https://doi.org/10.1021/es9014629
179,O3_B,STW,https://doi.org/10.1021/es9014629
180,O3_B,STW,https://doi.org/10.1021/es9014629
181,O3_B,STW,https://doi.org/10.1021/es9014629
182,O3_B,STW,https://doi.org/10.1021/es9014629
183,O3_B,STW,https://doi.org/10.1021/es9014629
184,O3_B,STW,https://doi.org/10.1021/es9014629
185,O3_B,STW,https://doi.org/10.1021/es9014629
186,O3_B,STW,https://doi.org/10.1021/es9014629
187,O3_B,STW,https://doi.org/10.1021/es9014629
188,O3_B,STW,https://doi.org/10.1021/es9014629
189,O3_B,STW,https://doi.org/10.1021/es9014629
190,O3_B,STW,https://doi.org/10.1021/es9014629
191,O3_B,STW,https://doi.org/10.1021/es9014629
192,O3_B,STW,https://doi.org/10.1021/es9014629
193,O3_B,STW,https://doi.org/10.1021/es9014629
194,O3_B,STW,https://doi.org/10.1021/es9014629
195,Cl_A,RMW,https://doi.org/10.1016/j.scitotenv.2019.136312
196,UV_C,RMW,https://doi.org/10.1016/j.scitotenv.2019.136312
197,UV_C,RMW,https://doi.org/10.1016/j.scitotenv.2019.136312
198,UV_C,RMW,https://doi.org/10.1016/j.scitotenv.2019.136312
199,PhFe_B,RMW,https://doi.org/10.1016/j.scitotenv.2019.136312
200,PhFe_B,RMW,https://doi.org/10.1016/j.scitotenv.2019.136312
201,PhFe_B,RMW,https://doi.org/10.1016/j.scitotenv.2019.136312
202,PhFe_C,RMW,https://doi.org/10.1016/j.scitotenv.2019.136312
203,PhFe_C,RMW,https://doi.org/10.1016/j.scitotenv.2019.136312
204,MBR_RO_D,APTW,https://doi.org/10.1016/j.jhazmat.2012.03.029
205,MBR_RO_D,APTW,https://doi.org/10.1016/j.jhazmat.2012.03.029
206,MBR_RO_D,APTW,https://doi.org/10.1016/j.jhazmat.2012.03.029
207,CAS_C,PTW,https://doi.org/10.1016/j.desal.2010.11.004
208,CAS_C,PTW,https://doi.org/10.1016/j.desal.2010.11.004
209,CAS_C,PTW,https://doi.org/10.1016/j.desal.2010.11.004
210,CAS_C,PTW,https://doi.org/10.1016/j.desal.2010.11.004
211,CAS_UF_A,STW,https://doi.org/10.1016/j.desal.2010.11.004
212,CAS_UF_A,STW,https://doi.org/10.1016/j.desal.2010.11.004
213,CAS_UF_A,STW,https://doi.org/10.1016/j.desal.2010.11.004
214,CAS_UF_RO_A,TTW,https://doi.org/10.1016/j.desal.2010.11.004
215,CAS_UF_RO_A,TTW,https://doi.org/10.1016/j.desal.2010.11.004
216,CAS_UF_RO_A,TTW,https://doi.org/10.1016/j.desal.2010.11.004
217,MBR_NF_C,RMW,https://doi.org/10.1016/j.scitotenv.2019.136312
218,MBR_NF_B,RMW,https://doi.org/10.1016/j.scitotenv.2019.136312
219,MBR_NF_A,RMW,https://doi.org/10.1016/j.scitotenv.2019.136312
220,SF_C,STW,https://doi.org/10.1016/j.watres.2007.06.038
221,SF_C,STW,https://doi.org/10.1016/j.watres.2007.06.038
222,SF_C,STW,https://doi.org/10.1016/j.watres.2007.06.038
223,SF_C,STW,https://doi.org/10.1016/j.watres.2007.06.038
224,SF_C,STW,https://doi.org/10.1016/j.watres.2007.06.038
225,SF_C,STW,https://doi.org/10.1016/j.watres.2007.06.038
226,SF_C,STW,https://doi.org/10.1016/j.watres.2007.06.038
227,SF_C,STW,https://doi.org/10.1016/j.watres.2007.06.038
228,O3_C,STW,https://doi.org/10.1016/j.watres.2007.06.038
229,O3_C,STW,https://doi.org/10.1016/j.watres.2007.06.038
230,O3_C,STW,https://doi.org/10.1016/j.watres.2007.06.038
231,O3_C,STW,https://doi.org/10.1016/j.watres.2007.06.038
232,O3_C,STW,https://doi.org/10.1016/j.watres.2007.06.038
233,O3_C,STW,https://doi.org/10.1016/j.watres.2007.06.038
234,O3_C,STW,https://doi.org/10.1016/j.watres.2007.06.038
235,O3_C,STW,https://doi.org/10.1016/j.watres.2007.06.038
236,MBR_A,PTW,https://doi.org/10.1016/j.scitotenv.2018.06.284
237,MBR_A,PTW,https://doi.org/10.1016/j.scitotenv.2018.06.284
238,MBR_B,PTW,https://doi.org/10.1016/j.jece.2021.105398
239,MBR_B,PTW,https://doi.org/10.1016/j.jece.2021.105398
240,MBR_B,PTW,https://doi.org/10.1016/j.jece.2021.105398
241,MBR_B,PTW,https://doi.org/10.1016/j.jece.2021.105398
242,MBR_B,PTW,https://doi.org/10.1016/j.jece.2021.105398
243,CAS_MF_A,PTW,https://doi.org/10.1016/j.watres.2011.07.026
244,CAS_MF_A,PTW,https://doi.org/10.1016/j.watres.2011.07.026
245,CAS_MF_A,PTW,https://doi.org/10.1016/j.watres.2011.07.026
246,CAS_MF_A,PTW,https://doi.org/10.1016/j.watres.2011.07.026
247,CAS_MF_A,PTW,https://doi.org/10.1016/j.watres.2011.07.026
248,CAS_MF_A,PTW,https://doi.org/10.1016/j.watres.2011.07.026
249,GAC_A,PTW,https://doi.org/10.1016/j.watres.2011.07.026
250,GAC_A,PTW,https://doi.org/10.1016/j.watres.2011.07.026
251,GAC_A,PTW,https://doi.org/10.1016/j.watres.2011.07.026
252,GAC_A,PTW,https://doi.org/10.1016/j.watres.2011.07.026
253,GAC_A,PTW,https://doi.org/10.1016/j.watres.2011.07.026
254,GAC_A,PTW,https://doi.org/10.1016/j.watres.2011.07.026
255,O3_D,PTW,https://doi.org/10.1016/j.watres.2011.07.026
256,O3_D,PTW,https://doi.org/10.1016/j.watres.2011.07.026
257,O3_D,PTW,https://doi.org/10.1016/j.watres.2011.07.026
258,O3_D,PTW,https://doi.org/10.1016/j.watres.2011.07.026
259,O3_D,PTW,https://doi.org/10.1016/j.watres.2011.07.026
260,O3_D,PTW,https://doi.org/10.1016/j.watres.2011.07.026
261,MBR_C,PTW,https://doi.org/10.1016/j.watres.2005.09.015
262,MBR_C,PTW,https://doi.org/10.1016/j.watres.2005.09.015
263,MBR_C,PTW,https://doi.org/10.1016/j.watres.2005.09.015
264,MBR_C,PTW,https://doi.org/10.1016/j.watres.2005.09.015
265,MBR_C,PTW,https://doi.org/10.1016/j.watres.2005.09.015
266,MBR_C,PTW,https://doi.org/10.1016/j.watres.2005.09.015
267,MBR_C,PTW,https://doi.org/10.1016/j.watres.2005.09.015
268,CAS_E,PTW,https://doi.org/10.1016/j.watres.2005.09.015
269,CAS_E,PTW,https://doi.org/10.1016/j.watres.2005.09.015
270,CAS_E,PTW,https://doi.org/10.1016/j.watres.2005.09.015
271,CAS_F,PTW,https://doi.org/10.1016/j.watres.2005.09.015
272,CAS_F,PTW,https://doi.org/10.1016/j.watres.2005.09.015
273,CAS_F,PTW,https://doi.org/10.1016/j.watres.2005.09.015
274,CAS_D,PTW,https://doi.org/10.1016/j.watres.2005.09.015
275,CAS_D,PTW,https://doi.org/10.1016/j.watres.2005.09.015
276,CAS_D,PTW,https://doi.org/10.1016/j.watres.2005.09.015
277,CAS_D,PTW,https://doi.org/10.1016/j.watres.2005.09.015
278,CAS_D,PTW,https://doi.org/10.1016/j.watres.2005.09.015
279,CAS_D,PTW,https://doi.org/10.1016/j.watres.2005.09.015
280,CAS_D,PTW,https://doi.org/10.1016/j.watres.2005.09.015
281,CAS_Cl_A,PTW,https://doi.org/10.1016/j.watres.2007.03.010
282,CAS_Cl_A,PTW,https://doi.org/10.1016/j.watres.2007.03.010
283,MBR_D,PTW,https://doi.org/10.1016/j.watres.2007.03.010
284,MBR_D,PTW,https://doi.org/10.1016/j.watres.2007.03.010
285,CAS_E2,PTW,https://doi.org/10.1016/j.scitotenv.2020.140997
286,CAS_F2,PTW,https://doi.org/10.1016/j.scitotenv.2020.140997
287,CAS_G,PTW,https://doi.org/10.1016/j.scitotenv.2020.140997
288,CAS_G,PTW,https://doi.org/10.1016/j.scitotenv.2020.140997
289,CAS_G,PTW,https://doi.org/10.1016/j.scitotenv.2020.140997
290,CAS_G,PTW,https://doi.org/10.1016/j.scitotenv.2020.140997
291,CAS_G,PTW,https://doi.org/10.1016/j.scitotenv.2020.140997
292,CAS_H,PTW,https://doi.org/10.1016/j.scitotenv.2020.140997
293,CAS_I,PTW,https://doi.org/10.1016/j.scitotenv.2020.140997
294,CAS_I,PTW,https://doi.org/10.1016/j.scitotenv.2020.140997
295,CAS_J,PTW,https://doi.org/10.1016/j.scitotenv.2020.140997
296,CAS_J,PTW,https://doi.org/10.1016/j.scitotenv.2020.140997
297,CAS_J,PTW,https://doi.org/10.1016/j.scitotenv.2020.140997
298,CAS_J,PTW,https://doi.org/10.1016/j.scitotenv.2020.140997
299,CAS_K,PTW,https://doi.org/10.1016/j.scitotenv.2020.140997
300,CAS_K,PTW,https://doi.org/10.1016/j.scitotenv.2020.140997
301,CAS_L,PTW,https://doi.org/10.1016/j.scitotenv.2020.140997
302,CAS_L,PTW,https://doi.org/10.1016/j.scitotenv.2020.140997
303,CAS_L,PTW,https://doi.org/10.1016/j.scitotenv.2020.140997
304,CAS_L,PTW,https://doi.org/10.1016/j.scitotenv.2020.140997
305,CAS_M,PTW,https://doi.org/10.1016/j.scitotenv.2020.140997
306,CAS_M,PTW,https://doi.org/10.1016/j.scitotenv.2020.140997
307,CAS_M,PTW,https://doi.org/10.1016/j.scitotenv.2020.140997
308,CAS_M,PTW,https://doi.org/10.1016/j.scitotenv.2020.140997
309,CAS_N,PTW,https://doi.org/10.1016/j.scitotenv.2020.140997
310,CAS_N,PTW,https://doi.org/10.1016/j.scitotenv.2020.140997
311,CAS_N,PTW,https://doi.org/10.1016/j.scitotenv.2020.140997
312,CAS_UV_Cl_O,PTW,https://doi.org/10.1016/j.scitotenv.2020.140997
313,CAS_UV_Cl_O,PTW,https://doi.org/10.1016/j.scitotenv.2020.140997
314,CAS_UV_Cl_O,PTW,https://doi.org/10.1016/j.scitotenv.2020.140997
315,CAS_P,PTW,https://doi.org/10.1016/j.scitotenv.2020.140997
316,CAS_P,PTW,https://doi.org/10.1016/j.scitotenv.2020.140997
317,CAS_Q,PTW,https://doi.org/10.1016/j.scitotenv.2020.140997
318,CAS_R,PTW,https://doi.org/10.1016/j.scitotenv.2020.140997
319,CAS_S,PTW,https://doi.org/10.1016/j.scitotenv.2020.140997
320,CAS_S,PTW,https://doi.org/10.1016/j.scitotenv.2020.140997
321,CAS_S,PTW,https://doi.org/10.1016/j.scitotenv.2020.140997
322,CAS_S,PTW,https://doi.org/10.1016/j.scitotenv.2020.140997
323,CAS_S,PTW,https://doi.org/10.1016/j.scitotenv.2020.140997
324,CAS_S,PTW,https://doi.org/10.1016/j.scitotenv.2020.140997
325,CAS_T,PTW,https://doi.org/10.1016/j.scitotenv.2020.140997
326,CAS_T,PTW,https://doi.org/10.1016/j.scitotenv.2020.140997
327,CAS_T,PTW,https://doi.org/10.1016/j.scitotenv.2020.140997
328,CAS_T,PTW,https://doi.org/10.1016/j.scitotenv.2020.140997
329,CAS_T,PTW,https://doi.org/10.1016/j.scitotenv.2020.140997
330,CAS_T,PTW,https://doi.org/10.1016/j.scitotenv.2020.140997
331,CAS_MF_B,PTW,https://doi.org/10.1016/j.scitotenv.2020.140997
332,CAS_MF_B,PTW,https://doi.org/10.1016/j.scitotenv.2020.140997
333,CAS_MF_B,PTW,https://doi.org/10.1016/j.scitotenv.2020.140997
334,CAS_V,PTW,https://doi.org/10.1016/j.scitotenv.2020.140997
335,CAS_W,PTW,https://doi.org/10.1016/j.scitotenv.2020.140997
336,CAS_W,PTW,https://doi.org/10.1016/j.scitotenv.2020.140997
337,CAS_X,PTW,https://doi.org/10.1016/j.scitotenv.2020.140997
338,CAS_X,PTW,https://doi.org/10.1016/j.scitotenv.2020.140997
339,CAS_Y,PTW,https://doi.org/10.1016/j.scitotenv.2020.140997
340,CAS_Y,PTW,https://doi.org/10.1016/j.scitotenv.2020.140997
341,CAS_Y,PTW,https://doi.org/10.1016/j.scitotenv.2020.140997
342,CAS_Z,PTW,https://doi.org/10.1007/s11157-021-09588-8
343,CAS_Z,PTW,https://doi.org/10.1007/s11157-021-09588-8
344,CAS_Z,PTW,https://doi.org/10.1007/s11157-021-09588-8
345,CAS_Z,PTW,https://doi.org/10.1007/s11157-021-09588-8
346,CAS_Z,PTW,https://doi.org/10.1007/s11157-021-09588-8
347,CAS_Z,PTW,https://doi.org/10.1007/s11157-021-09588-8
348,CAS_Z,PTW,https://doi.org/10.1007/s11157-021-09588-8
349,CAS_Z,PTW,https://doi.org/10.1007/s11157-021-09588-8
350,CAS_Z,PTW,https://doi.org/10.1007/s11157-021-09588-8
351,CAS_Z,PTW,https://doi.org/10.1007/s11157-021-09588-8
352,CAS_Z,STW,https://doi.org/10.1007/s11157-021-09588-8
353,UV_D,STW,https://doi.org/10.1007/s11157-021-09588-8
354,UV_Fe_A,STW,https://doi.org/10.1007/s11157-021-09588-8
355,UV_E,STW,https://doi.org/10.1007/s11157-021-09588-8
356,PhFe_D,STW,https://doi.org/10.1007/s11157-021-09588-8
357,UV_H2O2_C,STW,https://doi.org/10.1007/s11157-021-09588-8
358,UV_H2O2_C,STW,https://doi.org/10.1007/s11157-021-09588-8
359,FO_A,STW,https://doi.org/10.1007/s11157-021-09588-8
360,MF_UF_NF_RO_A,STW,https://doi.org/10.1007/s11157-021-09588-8
361,MF_UF_NF_RO_A,STW,https://doi.org/10.1007/s11157-021-09588-8
362,MF_RO_D,STW,https://doi.org/10.1007/s11157-021-09588-8
363,UF_NF_RO_A,STW,https://doi.org/10.1007/s11157-021-09588-8
364,UF_NF_RO_A,STW,https://doi.org/10.1007/s11157-021-09588-8
365,MBR_E,PTW,https://doi.org/10.1080/10643389.2020.1835124
366,MBR_E,PTW,https://doi.org/10.1080/10643389.2020.1835124
367,MBR_F,PTW,https://doi.org/10.1080/10643389.2020.1835124
368,MBR_G,PTW,https://doi.org/10.1080/10643389.2020.1835124
369,MBR_G,PTW,https://doi.org/10.1080/10643389.2020.1835124
370,MBR_H,PTW,https://doi.org/10.1080/10643389.2020.1835124
371,MBR_I,PTW,https://doi.org/10.1080/10643389.2020.1835124
372,MBR_I,PTW,https://doi.org/10.1080/10643389.2020.1835124
373,MBR_J,PTW,https://doi.org/10.1080/10643389.2020.1835124
374,O3_E,STW,https://doi.org/10.1080/10643389.2020.1835124
375,O3_F,STW,https://doi.org/10.1080/10643389.2020.1835124
376,O3_G,STW,https://doi.org/10.1080/10643389.2020.1835124
377,Cl_B,STW,https://doi.org/10.1080/10643389.2020.1835124
378,Cl_C,STW,https://doi.org/10.1080/10643389.2020.1835124
379,Cl_D,STW,https://doi.org/10.1080/10643389.2020.1835124
380,Cl_E,STW,https://doi.org/10.1080/10643389.2020.1835124
381,Cl_E,STW,https://doi.org/10.1080/10643389.2020.1835124
382,Cl_E,STW,https://doi.org/10.1080/10643389.2020.1835124
383,Fe_A,STW,https://doi.org/10.1080/10643389.2020.1835124
384,PhFe_E,STW,https://doi.org/10.1080/10643389.2020.1835124
385,PhFe_F,STW,https://doi.org/10.1080/10643389.2020.1835124
386,PhFe_F,STW,https://doi.org/10.1080/10643389.2020.1835124
387,UV_F,STW,https://doi.org/10.1080/10643389.2020.1835124
388,UV_G,STW,https://doi.org/10.1080/10643389.2020.1835124
389,UV_H,STW,https://doi.org/10.1080/10643389.2020.1835124
390,UV_H,STW,https://doi.org/10.1080/10643389.2020.1835124
391,UV_I,STW,https://doi.org/10.1080/10643389.2020.1835124
392,UV_I,STW,https://doi.org/10.1080/10643389.2020.1835124
393,UF_MF_B,STW,https://doi.org/10.1080/10643389.2020.1835124
394,UF_C,STW,https://doi.org/10.1080/10643389.2020.1835124
395,UF_D,STW,https://doi.org/10.1080/10643389.2020.1835124
396,UF_D,STW,https://doi.org/10.1080/10643389.2020.1835124
397,UF_E,STW,https://doi.org/10.1080/10643389.2020.1835124
398,UF_E,STW,https://doi.org/10.1080/10643389.2020.1835124
399,UF_E,STW,https://doi.org/10.1080/10643389.2020.1835124
400,UF_E,STW,https://doi.org/10.1080/10643389.2020.1835124
401,UF_F,STW,https://doi.org/10.1080/10643389.2020.1835124
402,UF_F,STW,https://doi.org/10.1080/10643389.2020.1835124
403,MF_RO_G,STW,https://doi.org/10.1080/10643389.2020.1835124
404,CAS_J,PTW,https://doi.org/10.1016/j.scitotenv.2020.140997
405,CAS_UV_Cl_O,PTW,https://doi.org/10.1016/j.jhazmat.2009.01.108
406,CAS_P,PTW,https://doi.org/10.1016/j.scitotenv.2011.07.015
407,CAS_R,PTW,https://doi.org/10.1021/es203399h
408,CAS_R,PTW,https://doi.org/10.1021/es203399h
409,UV_Fe_A,STW,https://doi.org/10.1016/j.watres.2019.05.034
410,UV_O3_A,STW,https://doi.org/10.1016/j.watres.2019.05.034 
411,UV_O3_A,STW,https://doi.org/10.1016/j.watres.2019.05.034 
412,UV_E,STW,https://doi.org/10.1016/j.jhazmat.2020.122070
413,PhFe_D,STW,http://doi.org/10.1016/j.scitotenv.2016.01.078
414,PhFe_D,STW,http://doi.org/10.1016/j.scitotenv.2016.01.078
415,UV_H2O2_C,STW,https://doi.org/10.1016/j.scitotenv.2018.10.223
416,UV_H2O2_C,STW,https://doi.org/10.1016/j.scitotenv.2018.10.223
417,FO_A,STW,https://doi.org/10.1016/j.cej.2020.125604
418,MF_UF_NF_RO_A,STW,https://doi.org/10.1007/s11157-021-09588-8
419,UF_NF_RO_A,STW,https://doi.org/10.1007/s11157-021-09588-8
420,O3_E,STW,https://doi.org/10.1080/10643389.2020.1835124
421,O3_E,STW,https://doi.org/10.1080/10643389.2020.1835124
422,O3_F,STW,https://doi.org/10.1080/10643389.2020.1835124
423,CAS_Z,PTW,https://doi.org/10.1007/s11157-021-09588-8
424,CAS_UV_A,PTW,https://doi.org/10.1016/j.envint.2018.05.040
425,CAS_UV_A,PTW,https://doi.org/10.1016/j.envint.2018.05.040
426,CAS_UV_A,PTW,https://doi.org/10.1016/j.envint.2018.05.040
427,FO_A,PTW,https://doi.org/10.1016/j.cej.2020.125604
428,MF_UF_NF_RO_A,STW,https://doi.org/10.1016/j.jenvman.2018.10.073
429,MF_RO_D,STW,https://doi.org/10.1016/j.jhazmat.2019.121025
430,MF_RO_D,STW,https://doi.org/10.1016/j.jhazmat.2019.121025
431,MBR_E,PTW,https://doi.org/10.1016/j.watres.2018.08.060
432,MBR_E,PTW,https://doi.org/10.1016/j.watres.2018.08.060
433,MBR_F,PTW,https://doi.org/10.1039/C8EW00270C
434,MBR_F,PTW,https://doi.org/10.1039/C8EW00270C
435,MBR_G,PTW,https://doi.org/10.1016/j.biortech.2018.06.021
436,MBR_I,PTW,https://doi.org/10.1016/j.scitotenv.2018.10.305
437,MBR_I,PTW,https://doi.org/10.1016/j.scitotenv.2018.10.305
438,MBR_J,PTW,https://doi.org/10.1016/j.biortech.2020.122825
439,O3_G,STW,https://doi.org/10.1016/j.watres.2019.05.025
440,O3_G,STW,https://doi.org/10.1016/j.watres.2019.05.025
441,Cl_C,STW,https://doi.org/10.1007/s11356-014-3919-z
442,Cl_C,STW,https://doi.org/10.1007/s11356-014-3919-z
443,Cl_D,STW,http://doi.org/10.1016/j.scitotenv.2015.01.028
444,Cl_D,STW,http://doi.org/10.1016/j.scitotenv.2015.01.028
445,Fe_A,STW,http://doi.org/10.1016/j.scitotenv.2016.01.078
446,Fe_A,STW,http://doi.org/10.1016/j.scitotenv.2016.01.078
447,UV_G,STW,http://doi.org/10.1016/j.scitotenv.2015.01.028
448,CAS_Z2,PTW,https://doi.org/10.1007/s11783-019-1116-5
449,CAS_Z2,PTW,https://doi.org/10.1007/s11783-019-1116-5
450,CAS_Z2,PTW,https://doi.org/10.1007/s11783-019-1116-5
451,UV_J,STW,https://doi.org/10.1007/s11783-019-1116-5
452,UV_J,STW,https://doi.org/10.1007/s11783-019-1116-5
453,UV_J,STW,https://doi.org/10.1007/s11783-019-1116-5
454,UV_J,STW,https://doi.org/10.1007/s11783-019-1116-5
455,O3_H,STW,https://doi.org/10.1007/s11783-019-1116-5
456,O3_H,STW,https://doi.org/10.1007/s11783-019-1116-5
457,O3_H,STW,https://doi.org/10.1007/s11783-019-1116-5
458,O3_H,STW,https://doi.org/10.1007/s11783-019-1116-5
459,O3_H,STW,https://doi.org/10.1007/s11783-019-1116-5
460,O3_H,STW,https://doi.org/10.1007/s11783-019-1116-5
461,O3_H,STW,https://doi.org/10.1007/s11783-019-1116-5
462,O3_H,STW,https://doi.org/10.1007/s11783-019-1116-5
463,O3_H,STW,https://doi.org/10.1007/s11783-019-1116-5
464,O3_H,STW,https://doi.org/10.1007/s11783-019-1116-5
465,O3_H,STW,https://doi.org/10.1007/s11783-019-1116-5
466,O3_H,STW,https://doi.org/10.1007/s11783-019-1116-5
467,O3_H,STW,https://doi.org/10.1007/s11783-019-1116-5
468,O3_H,STW,https://doi.org/10.1007/s11783-019-1116-5
469,O3_H,STW,https://doi.org/10.1007/s11783-019-1116-5
470,O3_H,STW,https://doi.org/10.1007/s11783-019-1116-5
471,GAC_B,STW,https://doi.org/10.1007/s11783-019-1116-5
472,GAC_B,STW,https://doi.org/10.1007/s11783-019-1116-5
473,GAC_B,STW,https://doi.org/10.1007/s11783-019-1116-5
474,GAC_B,STW,https://doi.org/10.1007/s11783-019-1116-5
475,GAC_B,STW,https://doi.org/10.1007/s11783-019-1116-5
476,GAC_B,STW,https://doi.org/10.1007/s11783-019-1116-5
477,GAC_B,STW,https://doi.org/10.1007/s11783-019-1116-5
478,GAC_B,STW,https://doi.org/10.1007/s11783-019-1116-5
479,GAC_C,STW,https://doi.org/10.1007/s11783-019-1116-5
480,GAC_C,STW,https://doi.org/10.1007/s11783-019-1116-5
481,GAC_C,STW,https://doi.org/10.1007/s11783-019-1116-5
482,GAC_C,STW,https://doi.org/10.1007/s11783-019-1116-5
483,GAC_C,STW,https://doi.org/10.1007/s11783-019-1116-5
484,GAC_C,STW,https://doi.org/10.1007/s11783-019-1116-5
485,GAC_C,STW,https://doi.org/10.1007/s11783-019-1116-5
486,GAC_C,STW,https://doi.org/10.1007/s11783-019-1116-5
487,SF_UV_A,PTW,https://doi.org/10.1016/j.scitotenv.2018.06.212
488,SF_UV_A,PTW,https://doi.org/10.1016/j.scitotenv.2018.06.212
489,SF_UV_A,PTW,https://doi.org/10.1016/j.scitotenv.2018.06.212
490,SF_UV_A,PTW,https://doi.org/10.1016/j.scitotenv.2018.06.212
491,SF_UV_A,PTW,https://doi.org/10.1016/j.scitotenv.2018.06.212
492,BNR_UV_A,PTW,https://doi.org/10.1016/j.scitotenv.2018.06.212
493,BNR_UV_A,PTW,https://doi.org/10.1016/j.scitotenv.2018.06.212
494,BNR_UV_A,PTW,https://doi.org/10.1016/j.scitotenv.2018.06.212
495,BNR_UV_A,PTW,https://doi.org/10.1016/j.scitotenv.2018.06.212
496,BNR_UV_A,PTW,https://doi.org/10.1016/j.scitotenv.2018.06.212
497,UV_K,STW,https://doi.org/10.1016/j.jhazmat.2022.129134
498,UV_K,STW,https://doi.org/10.1016/j.jhazmat.2022.129134
499,UV_K,STW,https://doi.org/10.1016/j.jhazmat.2022.129134
500,UV_K,STW,https://doi.org/10.1016/j.jhazmat.2022.129134
501,UV_K,STW,https://doi.org/10.1016/j.jhazmat.2022.129134
502,Cl_F,STW,https://doi.org/10.1016/j.watres.2015.09.010
503,Cl_F,STW,https://doi.org/10.1016/j.watres.2015.09.010
504,Cl_F,STW,https://doi.org/10.1016/j.watres.2015.09.010
505,Cl_F,STW,https://doi.org/10.1016/j.watres.2015.09.010
506,Cl_F,STW,https://doi.org/10.1016/j.watres.2015.09.010
507,Cl_F,STW,https://doi.org/10.1016/j.watres.2015.09.010
508,Cl_G,STW,https://doi.org/10.1016/j.watres.2015.09.010
509,Cl_G,STW,https://doi.org/10.1016/j.watres.2015.09.010
510,Cl_G,STW,https://doi.org/10.1016/j.watres.2015.09.010
511,Cl_G,STW,https://doi.org/10.1016/j.watres.2015.09.010
512,Cl_G,STW,https://doi.org/10.1016/j.watres.2015.09.010
513,Cl_G,STW,https://doi.org/10.1016/j.watres.2015.09.010
514,CAS_AA,PTW,https://doi.org/10.1016/j.scitotenv.2015.05.046
515,CAS_AA,PTW,https://doi.org/10.1016/j.scitotenv.2015.05.046
516,CAS_AA,PTW,https://doi.org/10.1016/j.scitotenv.2015.05.046
517,EGSB_MBR_A,PTW,https://doi.org/10.1016/j.scitotenv.2015.05.046
518,EGSB_MBR_A,PTW,https://doi.org/10.1016/j.scitotenv.2015.05.046
519,EGSB_MBR_A,PTW,https://doi.org/10.1016/j.scitotenv.2015.05.046
520,EAS_A,PTW,https://doi.org/10.1016/j.scitotenv.2015.05.046
521,EAS_A,PTW,https://doi.org/10.1016/j.scitotenv.2015.05.046
522,EAS_A,PTW,https://doi.org/10.1016/j.scitotenv.2015.05.046
523,CAS_AB,PTW,https://doi.org/10.1016/j.scitotenv.2015.05.046
524,CAS_AB,PTW,https://doi.org/10.1016/j.scitotenv.2015.05.046
525,CAS_AB,PTW,https://doi.org/10.1016/j.scitotenv.2015.05.046
526,A2O_A,PTW,https://doi.org/10.1016/j.scitotenv.2015.05.046
527,A2O_A,PTW,https://doi.org/10.1016/j.scitotenv.2015.05.046
528,A2O_A,PTW,https://doi.org/10.1016/j.scitotenv.2015.05.046
529,UF_G,STW,Êhttps://doi.org/10.1016/j.jhazmat.2022.128943Ê
530,UF_G,STW,Êhttps://doi.org/10.1016/j.jhazmat.2022.128943Ê
531,UF_G,STW,Êhttps://doi.org/10.1016/j.jhazmat.2022.128943Ê
532,UF_G,STW,Êhttps://doi.org/10.1016/j.jhazmat.2022.128943Ê
533,UF_G,STW,Êhttps://doi.org/10.1016/j.jhazmat.2022.128943Ê
534,UF_G,STW,Êhttps://doi.org/10.1016/j.jhazmat.2022.128943Ê
535,UF_G,STW,Êhttps://doi.org/10.1016/j.jhazmat.2022.128943Ê
536,UF_G,STW,Êhttps://doi.org/10.1016/j.jhazmat.2022.128943Ê
537,WWTPA,PTW,https://doi.org/10.1016/j.envint.2013.01.019
538,WWTPA,PTW,https://doi.org/10.1016/j.envint.2013.01.019
539,WWTPA,PTW,https://doi.org/10.1016/j.envint.2013.01.019
540,WWTPB,PTW,https://doi.org/10.1016/j.envint.2013.01.019
541,WWTPB,PTW,https://doi.org/10.1016/j.envint.2013.01.019
542,WWTPB,PTW,https://doi.org/10.1016/j.envint.2013.01.019
543,WWTPC,PTW,https://doi.org/10.1016/j.envint.2013.01.019
544,WWTPC,PTW,https://doi.org/10.1016/j.envint.2013.01.019
545,WWTPC,PTW,https://doi.org/10.1016/j.envint.2013.01.019
546,WWTPD,PTW,https://doi.org/10.1016/j.envint.2013.01.019
547,WWTPD,PTW,https://doi.org/10.1016/j.envint.2013.01.019
548,WWTPD,PTW,https://doi.org/10.1016/j.envint.2013.01.019
549,WWTPE,PTW,https://doi.org/10.1016/j.envint.2013.01.019
550,WWTPE,PTW,https://doi.org/10.1016/j.envint.2013.01.019
551,WWTPE,PTW,https://doi.org/10.1016/j.envint.2013.01.019
552,WWTPF,PTW,https://doi.org/10.1016/j.envint.2013.01.019
553,WWTPF,PTW,https://doi.org/10.1016/j.envint.2013.01.019
554,WWTPF,PTW,https://doi.org/10.1016/j.envint.2013.01.019
555,WWTPG,PTW,https://doi.org/10.1016/j.envint.2013.01.019
556,WWTPG,PTW,https://doi.org/10.1016/j.envint.2013.01.019
557,WWTPG,PTW,https://doi.org/10.1016/j.envint.2013.01.019
558,WWTPH,PTW,https://doi.org/10.1016/j.envint.2013.01.019
559,WWTPH,PTW,https://doi.org/10.1016/j.envint.2013.01.019
560,WWTPH,PTW,https://doi.org/10.1016/j.envint.2013.01.019
561,WWTPI,PTW,https://doi.org/10.1016/j.envint.2013.01.019
562,WWTPI,PTW,https://doi.org/10.1016/j.envint.2013.01.019
563,WWTPI,PTW,https://doi.org/10.1016/j.envint.2013.01.019
564,WWTPJ,PTW,https://doi.org/10.1016/j.envint.2013.01.019
565,WWTPJ,PTW,https://doi.org/10.1016/j.envint.2013.01.019
566,WWTPJ,PTW,https://doi.org/10.1016/j.envint.2013.01.019
567,WWTPK,PTW,https://doi.org/10.1016/j.envint.2013.01.019
568,WWTPK,PTW,https://doi.org/10.1016/j.envint.2013.01.019
569,WWTPK,PTW,https://doi.org/10.1016/j.envint.2013.01.019
570,WWTPL,PTW,https://doi.org/10.1016/j.envint.2013.01.019
571,WWTPL,PTW,https://doi.org/10.1016/j.envint.2013.01.019
572,WWTPL,PTW,https://doi.org/10.1016/j.envint.2013.01.019
573,UV_L,STW,https://doi.org/10.1016/j.scitotenv.2018.10.223
574,UV_L,STW,https://doi.org/10.1016/j.scitotenv.2018.10.223
575,UV_L,STW,https://doi.org/10.1016/j.scitotenv.2018.10.223
576,UV_L,STW,https://doi.org/10.1016/j.scitotenv.2018.10.223
577,UV_L,STW,https://doi.org/10.1016/j.scitotenv.2018.10.223
578,UV_L,STW,https://doi.org/10.1016/j.scitotenv.2018.10.223
579,UV_L,STW,https://doi.org/10.1016/j.scitotenv.2018.10.223
580,UV_L,STW,https://doi.org/10.1016/j.scitotenv.2018.10.223
581,UV_L,STW,https://doi.org/10.1016/j.scitotenv.2018.10.223
582,UV_H2O2_D,STW,https://doi.org/10.1016/j.scitotenv.2018.10.223
583,UV_H2O2_D,STW,https://doi.org/10.1016/j.scitotenv.2018.10.223
584,UV_H2O2_D,STW,https://doi.org/10.1016/j.scitotenv.2018.10.223
585,UV_H2O2_D,STW,https://doi.org/10.1016/j.scitotenv.2018.10.223
586,UV_H2O2_D,STW,https://doi.org/10.1016/j.scitotenv.2018.10.223
587,UV_H2O2_D,STW,https://doi.org/10.1016/j.scitotenv.2018.10.223
588,UV_H2O2_D,STW,https://doi.org/10.1016/j.scitotenv.2018.10.223
589,UV_H2O2_D,STW,https://doi.org/10.1016/j.scitotenv.2018.10.223
590,UV_H2O2_D,STW,https://doi.org/10.1016/j.scitotenv.2018.10.223
591,UV_H2O2_D,STW,https://doi.org/10.1016/j.scitotenv.2018.10.223
592,UV_H2O2_D,STW,https://doi.org/10.1016/j.scitotenv.2018.10.223
593,UV_H2O2_D,STW,https://doi.org/10.1016/j.scitotenv.2018.10.223
594,UV_H2O2_D,STW,https://doi.org/10.1016/j.scitotenv.2018.10.223
595,UV_H2O2_D,STW,https://doi.org/10.1016/j.scitotenv.2018.10.223
596,UV_H2O2_D,STW,https://doi.org/10.1016/j.scitotenv.2018.10.223
597,UV_H2O2_D,STW,https://doi.org/10.1016/j.scitotenv.2018.10.223
598,UV_H2O2_D,STW,https://doi.org/10.1016/j.scitotenv.2018.10.223
599,UV_H2O2_D,STW,https://doi.org/10.1016/j.scitotenv.2018.10.223
600,UV_H2O2_D,STW,https://doi.org/10.1016/j.scitotenv.2018.10.223
601,UV_H2O2_D,STW,https://doi.org/10.1016/j.scitotenv.2018.10.223
602,UV_H2O2_D,STW,https://doi.org/10.1016/j.scitotenv.2018.10.223
603,UV_H2O2_D,STW,https://doi.org/10.1016/j.scitotenv.2018.10.223
604,UV_H2O2_D,STW,https://doi.org/10.1016/j.scitotenv.2018.10.223
605,PMS_UV_A,STW,https://doi.org/10.1016/j.scitotenv.2018.10.223
606,PMS_UV_A,STW,https://doi.org/10.1016/j.scitotenv.2018.10.223
607,PMS_UV_A,STW,https://doi.org/10.1016/j.scitotenv.2018.10.223
608,PMS_UV_A,STW,https://doi.org/10.1016/j.scitotenv.2018.10.223
609,PMS_UV_A,STW,https://doi.org/10.1016/j.scitotenv.2018.10.223
610,PMS_UV_A,STW,https://doi.org/10.1016/j.scitotenv.2018.10.223
611,PMS_UV_A,STW,https://doi.org/10.1016/j.scitotenv.2018.10.223
612,PMS_UV_A,STW,https://doi.org/10.1016/j.scitotenv.2018.10.223
613,PMS_UV_A,STW,https://doi.org/10.1016/j.scitotenv.2018.10.223
614,PMS_UV_A,STW,https://doi.org/10.1016/j.scitotenv.2018.10.223
615,PMS_UV_A,STW,https://doi.org/10.1016/j.scitotenv.2018.10.223
616,PMS_UV_A,STW,https://doi.org/10.1016/j.scitotenv.2018.10.223
617,PMS_UV_A,STW,https://doi.org/10.1016/j.scitotenv.2018.10.223
618,PMS_UV_A,STW,https://doi.org/10.1016/j.scitotenv.2018.10.223
619,PMS_UV_A,STW,https://doi.org/10.1016/j.scitotenv.2018.10.223
620,PMS_UV_A,STW,https://doi.org/10.1016/j.scitotenv.2018.10.223
621,PMS_UV_A,STW,https://doi.org/10.1016/j.scitotenv.2018.10.223
622,PMS_UV_A,STW,https://doi.org/10.1016/j.scitotenv.2018.10.223
623,PMS_UV_A,STW,https://doi.org/10.1016/j.scitotenv.2018.10.223
624,PMS_UV_A,STW,https://doi.org/10.1016/j.scitotenv.2018.10.223
625,PMS_UV_A,STW,https://doi.org/10.1016/j.scitotenv.2018.10.223
626,PMS_UV_A,STW,https://doi.org/10.1016/j.scitotenv.2018.10.223
627,PMS_UV_A,STW,https://doi.org/10.1016/j.scitotenv.2018.10.223
628,PMS_Fe_UV_A,STW,https://doi.org/10.1016/j.scitotenv.2018.10.223
629,PMS_Fe_UV_A,STW,https://doi.org/10.1016/j.scitotenv.2018.10.223
630,PMS_Fe_UV_A,STW,https://doi.org/10.1016/j.scitotenv.2018.10.223
631,PMS_Fe_UV_A,STW,https://doi.org/10.1016/j.scitotenv.2018.10.223
632,PMS_Fe_UV_A,STW,https://doi.org/10.1016/j.scitotenv.2018.10.223
633,PMS_Fe_UV_A,STW,https://doi.org/10.1016/j.scitotenv.2018.10.223
634,PMS_Fe_UV_A,STW,https://doi.org/10.1016/j.scitotenv.2018.10.223
635,PMS_Fe_UV_A,STW,https://doi.org/10.1016/j.scitotenv.2018.10.223
636,PMS_Fe_UV_A,STW,https://doi.org/10.1016/j.scitotenv.2018.10.223
637,PMS_Fe_UV_A,STW,https://doi.org/10.1016/j.scitotenv.2018.10.223
638,PMS_Fe_UV_A,STW,https://doi.org/10.1016/j.scitotenv.2018.10.223
639,PMS_Fe_UV_A,STW,https://doi.org/10.1016/j.scitotenv.2018.10.223
640,PMS_Fe_UV_A,STW,https://doi.org/10.1016/j.scitotenv.2018.10.223
641,PMS_Fe_UV_A,STW,https://doi.org/10.1016/j.scitotenv.2018.10.223
642,PMS_Fe_UV_A,STW,https://doi.org/10.1016/j.scitotenv.2018.10.223
643,PMS_Fe_UV_A,STW,https://doi.org/10.1016/j.scitotenv.2018.10.223
644,PMS_Fe_UV_A,STW,https://doi.org/10.1016/j.scitotenv.2018.10.223
645,PMS_Fe_UV_A,STW,https://doi.org/10.1016/j.scitotenv.2018.10.223
646,PMS_Fe_UV_A,STW,https://doi.org/10.1016/j.scitotenv.2018.10.223
647,PMS_Fe_UV_A,STW,https://doi.org/10.1016/j.scitotenv.2018.10.223
648,PMS_Fe_UV_A,STW,https://doi.org/10.1016/j.scitotenv.2018.10.223
649,PMS_Fe_UV_A,STW,https://doi.org/10.1016/j.scitotenv.2018.10.223
650,PMS_Fe_UV_A,STW,https://doi.org/10.1016/j.scitotenv.2018.10.223
